Title,Author,Genre,Summary
How Much Land Does a Man Need,Leo Tolstoy,Philosophy,"This parable tells the story of Pahom, a peasant who believes that if he had enough land, he would be happy. He is given the opportunity to acquire as much land as he can walk around in one day, but his greed leads to tragic consequences."
Daisy Miller,Henry James,"Psychology, Romance","This novella explores the life of Daisy Miller, a young American woman traveling in Europe. Her flirtatious behavior and disregard for social conventions lead to her ostracism by the expatriate community, highlighting themes of innocence and societal expectations."
The Yellow Wallpaper,Charlotte Perkins Gilman,"Philosophy, Psychology","This short story follows a woman undergoing a rest cure for her mental health. Confined to a room with yellow wallpaper, she descends into madness as she becomes obsessed with the wallpaper's patterns, symbolizing the oppression of women."
The lifted veil,George Eliot,"Philosophy, Psychology","This novella features a man named Latimer who possesses the ability to see into the future and read minds. His insights lead to despair as he grapples with the implications of his gift, particularly regarding love and fate"
The awakening,Kate Chopin,"Philosophy, Psychology","The novel follows Edna Pontellier, a woman who struggles against the constraints of her marriage and societal expectations. Her journey of self-discovery leads her to seek independence and ultimately confronts the limitations placed on women in the 19th century."
Dr. Jekyll and Mr. Hyde,Robert Louis Stevenson,"Philosophy, Psychology","This novella explores the duality of human nature through the character of Dr. Jekyll, who creates a potion that transforms him into the evil Mr. Hyde. The story examines themes of identity, morality, and the struggle between good and evil.
"
The Anatomy of Violence,Adrian Raine,"Psychology, True Crime",This book investigates the biological and environmental factors that contribute to violent behavior. Raine combines neuroscience and psychology to explore the roots of violence and the implications for prevention and treatment.
Play It as It Lays,Joan Didion,"Philosophy, Psychology","This novel follows Maria Wyeth, a Hollywood actress grappling with personal and societal disillusionment. The narrative reflects on themes of identity, mental health, and the emptiness of modern life."
Autumn,Ali Smith,"Philosophy, Romance","This novel reflects on the changing seasons and the passage of time through the relationship between a young woman and an elderly man. It explores themes of memory, art, and the impact of history on personal lives."
Panenka,A. J. Finn,Psychology,"This novel revolves around a former soccer player who becomes embroiled in a web of deceit and danger. The story explores themes of obsession, identity, and the consequences of past actions."
Stoner,John Williams,"Philosophy, Sad","This novel tells the life story of William Stoner, a university professor whose quiet life is marked by personal and professional struggles. It explores themes of passion, failure, and the search for meaning.
"
Beasts,Joyce Carol Oates,Psychology,"Student becomes obsessed with her professor and his wife and delves into their society of degenerates.This collection of stories delves into the darker aspects of human nature, exploring themes of violence, identity, and the complexities of relationships."
A Man Called Ove,Fredrik Backman,"Romance, Sad","This heartwarming story follows Ove, a curmudgeonly old man whose life changes when new neighbors move in. Through their interactions, Ove discovers the importance of community and connection, leading to moments of both humor and sadness.
"
The True Deceiver,Tove Jansson,"Psychology, Romance","This novel follows a young woman who becomes involved with an elderly artist. It explores themes of deception, art, and the nature of relationships."
Gilead,Marilynne Robinson,"Philosophy, Sad","This novel is a letter from a dying preacher to his young son, reflecting on his life, faith, and the complexities of human existence. It explores themes of grace, redemption, and the passage of time."
Flowers for Algernon,Daniel Keyes,"Psychology, Sad","This novel follows Charlie Gordon, a man with an intellectual disability who undergoes an experimental surgery to increase his intelligence. The story explores the ethical implications of intelligence and the nature of human relationships."
The bullet that missed,Richard Osman,"Psychology, True Crime","In this third installment of the Thursday Murder Club series, the elderly sleuths tackle a cold case involving a missing bullet and a decades-old murder. Their investigation leads to unexpected revelations about friendship and loyalty."
There are 3 women and 4 men,Jaden Payne,"Psychology, True Crime","When Laurent’s wife, Marie, is found dead during an exhibition opening at the museum in 1967, the police are quick to determine suicide. Laurent is quick to determine otherwise. He promptly closes his historic building and halts his highly coveted life in the arts to dedicate the next ten years to one thing: finding the person who killed Marie."
Game over girl,Naomi Gibson,Psychology,"follows the story of Lola, a teenager who is selected to test a virtual reality (VR) game called Better Than Life at her new boarding school. The premise of the game is simple: players can create their ideal lives, but there is one crucial rule—do not recreate real people, places, or memories. However, Lola breaks this rule by constructing a version of her childhood home, which she left under mysterious circumstances."
Lights all night long,Lydia Fitzpatrick,"Philosophy, Psychology, Sad","tells the story of a Russian exchange student who comes to America to find his brother, who has been implicated in a crime. The narrative explores themes of family, identity, and the immigrant experience."
The only one left,Riley Sager,"Psychology, True Crime","a caregiver is assigned to a woman who was once accused of a notorious murder. As she uncovers the truth, she must confront her own demons and the dark history of the family."
The night shift,Alex finlay,"Horror, Psychology, True Crime",revolves around a series of murders that occur during the night shift at a local ice cream shop. The story intertwines the lives of the victims and the detectives trying to solve the case.
Devil house,John Darnielle,"Horror, Psychology, True Crime",explores the haunting legacy of a murder that took place in a house that has become a tourist attraction. The narrative blends horror with psychological insights into the nature of evil.
Someone knows,Lisa Scottsline,Psychology,"Revolves around a group of friends who are haunted by a tragic event from their past. As secrets unravel, they must confront the consequences of their actions."
Go ask alice,Anonymous,"Psychology, Sad",This controversial novel presents the diary of a teenage girl who becomes addicted to drugs. It serves as a cautionary tale about the dangers of substance abuse and the struggles of adolescence.
Confessions,Kanae Minato,"Horror, Psychology, True Crime","This novel tells the story of a teacher seeking revenge on the students she believes are responsible for her daughter's death. The narrative is a complex exploration of guilt, morality, and the consequences of revenge."
Romanovs,Simon Sebag,"History, Sad",This detailed account of the Romanov dynasty explores the lives of the last imperial family of Russia. It delves into their tragic fate and the historical context of their reign.
People like her,Ellery Lloyd,"Philosophy, Psychology","This novel examines the life of a social media influencer and the dark side of fame. It explores themes of identity, obsession, and the impact of online personas on real life."
The secret history,Donna Tartt,Psychology,"This novel follows a group of elite college students who become embroiled in a murder. It explores themes of morality, obsession, and the consequences of their actions."
A view from the bridge,Arthur Miller,"Philosophy, Sad","This play examines the life of an Italian-American longshoreman who struggles with his identity and family loyalty. It explores themes of love, betrayal, and the immigrant experience."
The pearl,John Steinback,"Philosophy, Sad","This novella tells the story of a poor pearl diver who finds a valuable pearl, leading to greed and tragedy. It explores themes of wealth, ambition, and the human condition"
The warmth of other suns,Isabel Wilkerson,"Philosophy, Sad","This book chronicles the Great Migration of African Americans from the South to the North and West between 1915 and 1970. Through personal narratives, it explores the struggles and triumphs of those seeking a better life."
Happy Hour,Marlowe Granados,Philosophy,"This novel follows two young women navigating life, love, and friendship in New York City during a summer filled with parties and adventures. It captures the essence of youth and the bittersweet nature of fleeting moments."
Letters to the father,Franz Kafka,Sad,"In this collection of letters, Kafka addresses his father, exploring their complex relationship and his feelings of inadequacy. It reflects on themes of familial bonds, guilt, and the search for understanding."
Tess of the d’ubervilles,Thomas Hardy,"Philosophy, Sad","follows Tess, a young woman who faces societal judgment and personal tragedy as she navigates love and loss. It critiques social norms and explores themes of fate and morality."
Anna Karenina,Leo Tolstoy,"Philosophy, Romance","This epic novel explores the life of Anna Karenina, a married woman who embarks on a passionate affair with Count Vronsky. The story delves into themes of love, infidelity, and the constraints of society."
Tracks,Louise Erdrich,"Philosophy, Psychology","This novel weaves together the stories of various characters in a Native American community, exploring themes of identity, heritage, and the impact of history on personal lives."
We can never leave this place,Eric Puchner,"Philosophy, Psychology","examines the complexities of human relationships and the struggles of modern life, often with a touch of dark humor and poignant insights."
Kafka on the shore,Haruki Murkami,"Philosophy, Psychology","This novel intertwines the stories of a 15-year-old boy named Kafka and an elderly man named Nakata. It explores themes of memory, identity, and the surreal nature of existence."
Speak,Laurie Halse Anderson,Sad,"This novel tells the story of Melinda, a high school freshman who becomes an outcast after a traumatic event. Through her struggle to find her voice, the book addresses themes of trauma, recovery, and the importance of speaking out."
The salt path,Raynor winn,"Philosophy, Sad","After losing their home and facing a terminal illness, Raynor and her husband embark on a journey along the South West Coast Path in England. This memoir reflects on resilience, love, and the healing power of nature."
End of watch,Stephen King,Horror,"The final installment in the Bill Hodges trilogy, this novel follows retired detective Bill Hodges as he faces off against a psychopathic killer who has returned to wreak havoc. Themes of mortality and the struggle between good and evil are prevalent."
The mysterious disappearance of aidan s,David Levithan,Psychology,"This story revolves around the sudden disappearance of a teenager named Aidan S. and the impact it has on his friends and family. As they search for answers, they confront their own secrets and the complexities of adolescence."
The life of a stupid man,Ryunosuke Akutagawa,"Philosophy, Sad",reflects on the life of a man who struggles with his identity and the absurdity of existence. It delves into themes of self-perception and the search for meaning.
Swanns way,Marcel Proust,Philosophy,"it explores themes of memory, time, and the nature of art through the lens of the narrator's experiences and reflections."
The turn of the screw,Henry James,"Horror, Philosophy","follows a governess who becomes convinced that the estate where she works is haunted. It raises questions about perception, reality, and the nature of evil."
Rebecca,Daphne du Maurier,Philosophy,"tells the story of a young woman who marries a wealthy widower, only to find herself haunted by the memory of his first wife, Rebecca. It explores themes of jealousy, identity, and the impact of the past."
The cost of living,Deborah Levy,"Philosophy, Sad","examines her life as a woman and writer, addressing themes of loss, independence, and the challenges of navigating personal and professional spaces."
Beyond good and evil,Friedrich Nietzsche,Philosophy,"critiques traditional morality and explores the concept of the ""will to power."" He challenges readers to reconsider their values and the nature of truth."
One hundred years of solitude,Gabriel García Márquez,"Philosophy, Psychology, Sad","This landmark novel chronicles the Buendía family over several generations in the fictional town of Macondo. It explores themes of solitude, history, and the cyclical nature of life."
Demons,Fyodor Dostoyevsky,"Philosophy, Psychology","explores the themes of nihilism and radicalism in 19th-century Russia through the story of a group of young revolutionaries who plot to overthrow the government, leading to chaos and moral dilemmas."
Giovannis room,James Baldwin,"Philosophy, Psychology, Romance",tells the story of an American man in Paris who grapples with his sexual identity and the complexities of love and desire through his relationship with Giovanni.
Beloved,Toni Morrison,"Philosophy, Psychology, Sad","A haunting narrative about a former enslaved woman who is haunted by the ghost of her deceased daughter, exploring themes of memory, trauma, and the legacy of slavery."
The man who died twice,Lisa Gardner,"Psychology, True Crime","A gripping thriller that follows a detective as she investigates a murder case that intertwines with her own past, exploring themes of trauma and redemption."
Concerning the book that is the body of the beloved,Gregory orr,Philosophy,"A philosophical meditation on love and existence, this work explores the relationship between the physical body and the spiritual essence of love."
Bonjour tristesse,Francoise Sagan,"Romance, Sad","tells the story of a young girl whose carefree summer in the French Riviera is disrupted by her father's romantic entanglements, leading to feelings of sadness and betrayal."
The remains of the day,Kazuo Ishiguro,"Philosophy, Psychology, Sad","about an English butler reflecting on his life and choices, exploring themes of duty, regret, and the passage of time."
The myth of sisyphus,Albert Camus,"Philosophy, Psychology","discusses the absurdity of life and the human condition, using the myth of Sisyphus as a metaphor for the struggle against meaninglessness."
The unbearable lightness of being,Milan Kundera,"Philosophy, Psychology","A philosophical exploration of love, politics, and existence, it follows the intertwined lives of several characters in Czechoslovakia during the Prague Spring."
This is how you lose the time war,Amal El-Mohtar and Max Gladstone,Romance," A unique love story told through letters exchanged between two rival agents from different futures, exploring themes of time, love, and the consequences of war."
Song of solomon,Toni Morrison,Psychology,"explores African American identity through the life of Milkman Dead, who embarks on a journey to discover his family's history and the significance of his heritage."
Intermezzo,Sally Rooney,"Philosophy, Psychology, Romance","captures the complexities of modern relationships, focusing on the emotional intricacies and the impact of societal expectations on personal connections"
Everything i never told you,Celeste Ng,"Philosophy, Sad","Tells the story of a Chinese-American family dealing with the death of their favorite daughter, exploring themes of race, family expectations, and the pressures of societal norms."
Adolscent,Fyodor Dostoyevsky,"Philosophy, Psychology","follows the life of a young man, Arkady Dolgoruky, as he grapples with his identity, family dynamics, and the complexities of adulthood in a rapidly changing society."
The brothers karamazov,Fyodor Dostoyevsky,"Philosophy, Psychology","delves into deep moral questions through the lives of the Karamazov brothers, exploring themes of faith, doubt, free will, and the nature of evil."
The idiot,Fyodor Dostoyevsky,"Philosophy, Psychology","follows Prince Myshkin, a man whose goodness and open-heartedness clash with the corrupt society around him, leading to tragic consequences as he navigates love and social intrigue."
Their eyes were watching god,Zora Neale Hurston,"Philosophy, Psychology, Romance",follows Janie Crawford's journey to find her voice and independence through her relationships and experiences in early 20th-century Florida.
East of eden,John Steinbeck,"Philosophy, Psychology","A sprawling narrative that parallels the biblical story of Cain and Abel, it examines themes of good and evil through the lives of two families in California's Salinas Valley."
White Nights,Fyodor Dostoyevsky,"Philosophy, Psychology","tells the story of a lonely man who encounters a young woman during the white nights of St. Petersburg. Their brief but intense relationship explores themes of love, longing, and the complexities of human connection."
Notes From A Dead House,Fyodor Dostoyevsky,"Philosophy, Psychology","Based on Dostoevsky's experiences in a Siberian prison camp, this work offers a poignant reflection on life, suffering, and the human condition. The narrative combines personal anecdotes with philosophical musings, providing insight into the nature of justice and humanity."
Crime and Punishment,Fyodor Dostoyevsky,"Philosophy, Psychology","follows Raskolnikov, a former student who commits a murder and grapples with guilt and redemption. Dostoevsky delves into moral philosophy, exploring the psychological turmoil of his protagonist and the societal implications of crime."
After shes gone,Camilla Lackberg,"Philosophy, Psychology","In this gripping mystery, a woman disappears, prompting an investigation that uncovers dark secrets within her family. Lackberg weaves a tale of suspense and psychological depth, exploring themes of love, betrayal, and the complexities of human relationships."
Read people like a book,Patrick King,Psychology,"teaches readers how to interpret body language and non-verbal cues to better understand others. King provides practical tips and insights into human behavior, emphasizing the importance of empathy and communication in building relationships."
With a mind to kill,Anthony Horowitz,"Psychology, True Crime","follows a detective as he investigates a series of murders linked to a high-profile case. Horowitz crafts a complex narrative filled with twists and turns, exploring themes of morality, justice, and the psychological motivations behind crime."
The Family Upstairs,Lisa Jewell,"Horror, Psychology","tells the story of a woman who inherits a house with a dark past, leading her to uncover the secrets of her family's history. Jewell masterfully blends suspense with psychological insights, exploring themes of family dynamics, trauma, and the search for belonging."
The Book You Wish Your Parents Had Read,Philippa Perry,Psychology,"This book offers insights into parenting and emotional intelligence, encouraging parents to reflect on their own childhood experiences and how these shape their parenting styles. Perry emphasizes the importance of communication and understanding in fostering healthy relationships between parents and children."
Either/or,Elif Batuman,Philosophy,"follows Selin as she navigates her college years, exploring themes of love, identity, and the philosophical dilemmas of choice. Batuman's narrative intertwines personal experiences with literary references, creating a rich tapestry of thought and emotion."
Watching you,Lisa Jewell,"Horror, Psychology","revolves around a young woman who becomes obsessed with her neighbor, leading to a web of secrets and lies. As she uncovers the dark truths about those around her, the story explores themes of obsession, betrayal, and the consequences of watching others."
Animal,Lisa Taddeo,"Philosophy, Psychology","explores the life of a woman grappling with trauma and the complexities of desire. Taddeo delves into themes of identity, loss, and the search for connection, presenting a raw and emotional narrative that examines the impact of past experiences on present relationships"
Thats not my name,Megan Lally,True Crime,"Shivering and bruised, a teen wakes up on the side of a dirt road with no memory of how she got there―or who she is. A passing officer takes her to the police station, and not long after, a frantic man arrives. He’s been searching for her for hours. He has her school ID, her birth certificate, and even family photos. He is her father. Her name is Mary. Or so he says."
The sudden disappearance of hope,Claire North,Psychology,A woman that no one can remember once they stop paying attention to her discovers a conspiracy to control the minds of society's more influential people.
The end of the day,Claire North,"Philosophy, Psychology","follows the character of Charlie, who works as a ""harbinger of death,"" visiting people on the brink of death. It explores themes of mortality, the meaning of life, and the connections we make with others."
Here we are now,Jasmine Warga,"Romance, Sad"," follows the story of a teenage girl who navigates her complicated relationship with her estranged father while dealing with her own struggles of identity and belonging. It explores themes of family, love, and forgiveness."
Lincoln in the Bardo,George Saunders,"Philosophy, Psychology, Sad","A unique narrative that blends historical fact with fiction, focusing on President Lincoln's grief over the death of his son. The story takes place in a purgatorial setting, exploring themes of loss, love, and the afterlife."
The essays of virginia woolfe,Virginia Woolfe,"Philosophy, Psychology, Sad","A collection of essays exploring various themes such as feminism, literature, and the nature of writing. Woolf's introspective style delves into the complexities of human experience and the role of women in society."
The Bones of you,Debbie Howells,"Psychology, True Crime","revolves around the mysterious death of a young girl. The story is told from multiple perspectives, revealing the dark secrets of those involved."
The Waves,Virginia Woolfe,"Philosophy, Psychology","presents the inner thoughts and experiences of six characters as they navigate life from childhood to adulthood. The narrative is poetic and introspective, reflecting on the nature of identity and human connection."
A room of one’s own,Virginia Woolfe,"Philosophy, Psychology",An extended essay arguing for both a literal and figurative space for women writers within a patriarchal society. Woolf discusses the importance of financial independence and personal freedom for women to create art.
Mrs. Dalloway,Virginia Woolfe,"Philosophy, Psychology, Romance, Sad","follows Clarissa Dalloway as she prepares for a party while reflecting on her past and the choices she has made. It examines themes of mental illness, societal expectations, and the passage of time."
To the lighthouse,Virginia Woolfe,"Philosophy, Psychology","explores the lives of the Ramsay family during their visits to the Isle of Skye in Scotland. The narrative delves into the characters' inner thoughts and perceptions, reflecting on time, art, and the nature of existence."
The 7 1/2 deaths of evelyn hardcastle,Stuart Turton,"Psychology, True Crime","A unique murder mystery where the protagonist relives the same day in different bodies, trying to solve the murder of Evelyn Hardcastle while uncovering dark secrets."
The Haunted House and Other Stories,Virginia Woolfe,"Philosophy, Psychology, Sad","A collection of Woolf's short stories that explore themes of consciousness, identity, and the supernatural."
Two can keep a secret,Karen McManus,True Crime,"Echo Ridge is small-town America. Ellery’s never been there, but she’s heard all about it. Her aunt went missing there at age seventeen. And only five years ago, a homecoming queen put the town on the map when she was killed. Now Ellery has to move there to live with a grandmother she barely knows"
History is all you left me,Adam Silvera,"Romance, Sad","A poignant story about grief and love, following a boy who navigates his feelings after the death of his first love, exploring themes of memory and loss."
Post office,Charles Bukowski,Philosophy,"Bukowski's experiences working at the post office, reflecting on the absurdities of life and the human condition."
Elsey come home,Susan Conley,"Philosophy, Psychology","A woman returns to her hometown to confront her past and her family's struggles, exploring themes of belonging and personal growth."
Sense and sensibility,Jane Austen,Romance,"The story of the Dashwood sisters as they navigate love, heartbreak, and societal expectations in early 19th-century England."
The midnight library,Matt Haig,Philosophy,"A woman finds herself in a library between life and death, where she can explore alternate lives based on different choices she could have made, leading to profound insights about regret and fulfillment."
Catch and kill,Ronan Farrow,True Crime,"An exposé of the sexual abuse allegations against powerful men in Hollywood, detailing the lengths to which they went to silence victims and journalists."
More than this,Patrick Ness,"Philosophy, Psychology, Sad","A boy wakes up in a strange place after drowning and must confront his past and the choices he made in life, exploring themes of loss and redemption."
The loop,Ben Oliver,Psychology,"Set in a dystopian future, the story follows Luka Kane, a teenager imprisoned in The Loop, a facility where juvenile inmates are subjected to torture and medical experiments. As rumors of chaos outside the prison grow, Luka must navigate the dangers within and find a way to escape while uncovering the truth about the world outside."
When all is said,Anne Griffin,"Philosophy, Sad","An elderly man reflects on his life and the five toasts he makes to the people who shaped him, exploring themes of love, loss, and memory."
Eleanor oliphant is completely fine,Gail Honeyman,Psychology,"The story of Eleanor, a socially awkward woman with a traumatic past, who learns to open up and connect with others, leading to personal growth and healing."
Angelas ashes,Frank McCourt,"Philosophy, Sad","A poignant memoir of the author's impoverished childhood in Limerick, Ireland, highlighting themes of hardship, family, and resilience."
War and peace,Leo Tolstoy,Philosophy,"intertwines the lives of several families during the Napoleonic Wars, exploring themes of fate, free will, and the nature of history."
Jane Eyre,Charlotte Bronte,"Psychology, Romance","follows the life of Jane Eyre, an orphaned girl who faces hardships and abuse in her childhood. As she grows up, she becomes a governess and falls in love with her employer, Mr. Rochester, only to discover he harbors a dark secret. The story explores themes of love, morality, and social criticism, making it a significant work in feminist literature."
Conversations with friends,Sally Rooney,"Philosophy, Psychology","follows two college students and their complex relationships with an older married couple, delving into themes of intimacy, friendship, and betrayal."
The starless sea,Erin Morgenstern,Philosophy,"A young man discovers a hidden underground world filled with stories and secrets, exploring themes of love, fate, and the power of storytelling."
Maybe you should talk to someone,Lori Gottlieb,Psychology,"A therapist shares her experiences with her patients and her own therapy, offering insights into the human condition and the complexities of mental health."
Colorless Tsukuru Tazaki,Haruki Murakami,"Philosophy, Psychology, Sad","follows Tsukuru Tazaki, a man who feels disconnected from his past and his friends after they abruptly cut ties with him. As he embarks on a journey to understand why, he confronts themes of loneliness, identity, and the impact of relationships"
Lost in the Never Woods,Aiden Thomas,"Philosophy, Sad","retelling of Peter Pan follows Wendy as she navigates the mysteries of her past and the disappearance of children in her town. It explores themes of loss, memory, and the transition to adulthood."
The Invisible Life of Addie LaRue,V.E. Schwab,"Philosophy, Romance","follows Addie LaRue, a young woman who makes a deal to live forever but is cursed to be forgotten by everyone she meets. It explores themes of identity, love, and the desire for legacy."
The Afterlife of Holly Chase,Cynthia Hand,Philosophy,"This modern retelling of ""A Christmas Carol"" follows Holly Chase, a girl who is visited by ghosts after her death. She must confront her past and the choices that led to her demise."
One Day in the Life of Ivan Denisovich,Aleksandr Solzhenitsyn,"Philosophy, Psychology, Sad","This novella depicts a single day in the life of Ivan Denisovich Shukhov, a prisoner in a Soviet labor camp. It highlights the struggle for dignity and humanity in the face of oppressive conditions."
101 Essays That Will Change the Way You Think,Brianna Wiest,Psychology,"Offers insights and reflections on various aspects of life, encouraging readers to rethink their perspectives and embrace change."
Dowry of Blood,S.T. Gibson,Romance,"This reimagining of the Dracula mythos focuses on Constanta, who reflects on her tumultuous relationship with Dracula and the other brides. The narrative explores themes of love, power, and the complexities of toxic relationships."
A Tale of Two Cities,Charles Dickens,"Philosophy, Romance","Set during the tumultuous times of the French Revolution, this novel tells the story of Charles Darnay and Sydney Carton, two men who love the same woman, Lucie Manette. It explores themes of sacrifice, resurrection, and the effects of social injustice"
The One,John Marrs,"Philosophy, Romance","imagines a world where a DNA test can find your perfect romantic match. As various characters navigate their relationships, the story explores the implications of love, fate, and choice."
The Mountain Is You,Brianna Wiest,Psychology,explores the concept of self-sabotage and how individuals can overcome their internal obstacles to achieve personal growth and fulfillment.
Dead Souls,Nikolay Gogol,"Philosophy, Psychology","follows Chichikov, a man who travels through Russia buying the ""dead souls"" of deceased serfs to increase his social standing. It satirizes the moral and social issues of 19th-century Russia."
Murder,Kate Morgan,True Crime,"delves into various murder cases, exploring the psychological profiles of the killers and the circumstances surrounding their crimes."
If We Were Villains,M.L. Rio,Psychology,"follows a group of Shakespearean actors at an elite arts college whose lives become intertwined with a murder mystery. It explores themes of friendship, ambition, and the blurred lines between performance and reality"
The Dreamers,Karen Thompson Walker,Psychology,"In a small town, a mysterious illness causes people to fall into a deep sleep from which they cannot awaken. The novel explores the impact of this phenomenon on the community and the nature of dreams and reality."
The Seven Husbands of Evelyn Hugo,Taylor Jenkins Reid,"Romance, Sad","tells the story of Evelyn Hugo, a reclusive Hollywood icon, who recounts her glamorous and tumultuous life, including her seven marriages, to a young journalist. It explores themes of love, identity, and the price of fame."
Valley of the Dolls,Jacqueline Susann,"Philosophy, Psychology, Romance","This novel chronicles the lives of three women navigating the entertainment industry in the 1960s, dealing with love, addiction, and the pursuit of happiness."
Her body and other parties,Carme Maria Machado,"Horror, Psychology","Blends horror and fantasy, exploring the female experience and the complexities of identity, sexuality, and trauma"
Suicide notes from beautiful girls,Lynn Weingarten,Psychology,"This novel follows the story of a girl named June who investigates the mysterious death of her best friend, Delia. As she uncovers secrets, the narrative explores themes of friendship, betrayal, and mental health."
The picture of Dorian Gray,Oscar Wilde,"Philosophy, Psychology","Tells the story of Dorian Gray, a young man whose portrait ages while he remains youthful. It explores themes of vanity, moral corruption, and the consequences of a life devoted to pleasure."
Those who leave and those who stay,Elena Ferrante,Philosophy,"The third installment of the Neapolitan Quartet, this novel delves into the lives of Lila and Elena as they confront their choices and the impact of their past on their present lives."
The story of a new name,"Elena Ferrante
","Philosophy, Romance","Ffocusing on the lives of childhood friends Lila and Elena as they navigate adulthood, marriage, and the challenges of their evolving identities."
Just kids,Patti Smith,Romance,"Recounts Smith's relationship with photographer Robert Mapplethorpe in New York City during the 1960s and 70s. It captures their artistic journey and the deep bond they shared, set against the backdrop of a vibrant cultural scene."
The happy prisoner,Monica Dickens,Psychology,"Explores the concept of happiness within the confines of a prison, examining the psychological aspects of finding joy and meaning in difficult circumstances."
Everything I know about love,Dolly Alderton,Romance,"In this memoir, Alderton reflects on her experiences with love, friendship, and growing up. Through humorous and poignant anecdotes, she shares the lessons learned from her relationships and the importance of self-love."
The bell jar,Sylvia plath,"Philosophy, Psychology, Sad","This semi-autobiographical novel follows Esther Greenwood, a young woman who struggles with mental illness and societal expectations in 1950s America. The narrative explores her descent into depression and her experiences in a psychiatric hospital."
Metamorphosis,Franz Kafka,"Philosophy, Psychology","Tells the story of Gregor Samsa, who wakes up one morning to find himself transformed into a giant insect. It explores themes of alienation, identity, and the absurdity of life."
Homesick for another world,Ottessa Moshfegh,"Philosophy, Psychology","Explores the lives of various characters grappling with loneliness, desire, and the search for meaning in a contemporary world."
Sharp objects,Gillan Flynn,"Psychology, True Crime","Follows journalist Camille Preaker as she returns to her hometown to cover a series of murders. As she investigates, she confronts her own traumatic past and the dark secrets of her family."
The stranger,Alburt Camus,Philosophy,"Follows Meursault, a man who becomes embroiled in a murder trial after killing an Arab. It explores themes of absurdism, morality, and the human condition."
Marly‘s ghost,David Levithan,Philosophy,"Follows Marlys, a young girl who navigates the complexities of adolescence, family, and identity, blending humor and poignant moments."
The art of war,Sun Tzu,Philosophy,"This ancient Chinese text is a treatise on military strategy and tactics. It emphasizes the importance of adaptability, strategy, and understanding one's enemy."
The art of unspoken longing,Philippe Benson,"Romance, Sad","Presumably a lyrical and emotionally rich novel or poetry collection centered around yearning, silence, and the pain of unexpressed love."
Pleasure,Gabriele D’Annunzio,"Philosophy, Romance","A lush, sensual novel about a decadent Italian nobleman torn between two women. Rich in aestheticism and philosophical musings, it captures the spirit of fin-de-siècle hedonism and existential crisis."
Kill Your Darlings,Messermoon,Psychology,"A modern, introspective take on obsession, creativity, and toxic relationships within an elite academic setting."
Madonna in a fur coat,Sabahattin Ali,"Philosophy, Romance, Sad","A melancholic love story set in 1920s Berlin, where a reserved Turkish man falls for an enigmatic German artist. Themes of loneliness, identity, and longing permeate this poignant tale."
In the Absence of Men,Philippe Besson,Romance,"Set in World War I France, a young man falls in love with an older man while developing a friendship with Marcel Proust. A lyrical tale of first love, desire, and social constraints."
Love is a Dog from Hell,Charles Bukowski,"Romance, Sad","Exploring love, loneliness, sex, and heartbreak. Bukowski’s voice is vulgar yet vulnerable, portraying relationships with unflinching honesty."
The Tell-Tale Heart,Edgar Allan Poe,"Horror, Psychology","Madness and guilt, where the narrator insists on his sanity while recounting the murder he committed. The incessant beating of the dead man’s heart drives him to confess."
Cursed Bread,Sophie Mackintosh,Psychology,"A reimagining of the real-life 1951 mass poisoning in Pont-Saint-Esprit, France. Told from the perspective of a baker’s wife obsessed with a glamorous general’s wife, the novel explores repression, female desire, madness, and collective hysteria."
I Remain in Darkness,Annie Ernaux,"Psychology, Sad","Nobel laureate Annie Ernaux documents her mother’s decline from Alzheimer’s disease. A raw, intimate portrayal of loss, memory, and the emotional toll of caregiving."
Cold Enough for Snow,Jessica Au,Philosophy,"A quiet, introspective novel about a woman traveling to Japan with her mother. It reflects on memory, identity, art, and the unbridgeable distance between people—even those closest to us."
Hollow Heart,Viola Di Grado,Psychology,"A surreal and haunting novel told from the perspective of a young woman who has died by suicide and continues to narrate her life in the afterlife. It explores alienation, depression, and the border between life and death."
Thirst for Salt,Madelaine Lucas,"Psychology, Romance","Set on the coast of Australia, this debut novel tells of a young woman’s passionate summer affair with an older man. Through lush prose, it navigates love, memory, longing, and the complexities of human connection."
Case Study,Graeme Macrae Burnet,Psychology,"A woman investigates a controversial psychotherapist by pretending to be a patient. Blurring lines between fiction and reality, it explores themes of identity, mental illness, and narrative truth."
This Thing Between Us,"
Gus Moreno","Psychology, Sad","A grieving husband spirals into paranoia and supernatural dread after his wife’s death, blurring trauma with horror."
Orpheus Builds a Girl ,Heather Parry,"Psychology, Sad","A haunting reimagining of the Orpheus myth, exploring grief, obsession, and the disturbing creation of an “ideal” woman."
The Dispossessed,Ursula K. Le Guin,"Philosophy, Psychology","A physicist navigates two contrasting societies, examining freedom, capitalism, and anarchism."
Dead Girls Don’t Talk But This One Does,Sandra J. Paul,"Psychology, Sad, True Crime","A dark, introspective narrative about trauma, violence, and the lingering voice of a victim."
The Book of Disquiet,Fernando Pessoa,"Philosophy, Psychology","Fragmented reflections on identity, existence, and alienation from a melancholic Lisbon bookkeeper."
The Lost Estate,Alain-Fournier,"Romance, Sad",A nostalgic tale of lost youth and unattainable love centered around a mysterious woman and a fleeting paradise.
Nightwood,Djuna Barnes,"Philosophy, Psychology, Romance","A dense, poetic exploration of destructive love, identity, and emotional ruin."
Lolita,Vladimir Nabokov,Psychology,A deeply disturbing yet stylistically brilliant account of obsession and manipulation narrated by an unreliable predator.
Journey to the End of the Night,Louis-Ferdinand Céline,"Psychology, Sad","A bleak, cynical journey through war, colonialism, and modern life’s moral decay."
The Night Circus,Erin Morgenstern,Romance,"Two magicians bound in a lifelong competition fall in love within a magical, dreamlike circus."
Confessions of Saint Augustine,Maria Boulding for beauty and poetry/ Thomas williams for accuracy,Philosophy,"A spiritual autobiography exploring sin, faith, and the search for divine truth."
Midnight in the Garden of Good and Evil,John Berendt,True Crime,A real-life murder case in Savannah intertwined with eccentric Southern characters.
First Love,Ivan Turgenev,"Romance, Sad",A young man experiences the bittersweet pain of first love and emotional awakening.
Down Below,Leonora Carrington,Psychology,A surreal memoir of the author’s mental breakdown and institutionalization.
Paradise Lost, John Milton,Philosophy,"An epic poem depicting the fall of Satan and humanity, grappling with free will, sin, and redemption."
The Last Days of Socrates ,"Plato
",Philosophy,"Dialogues recounting Socrates’ trial, imprisonment, and reflections on justice and death."
The Collected Schizophrenia,Esmé Weijun Wang,Psychology,Essays detailing life with schizophrenia and the complexity of mental illness.
The Divine Comedy V3: Paradise,Dante Alighieri,Philosophy,"Dante ascends through Heaven, guided by Beatrice, encountering souls in states of perfect bliss and gaining deeper understanding of divine love, justice, and the ultimate harmony of the universe."
The Divine Comedy v2: Purgatory,Dante Alighieri,Philosophy,"Souls ascend toward redemption, reflecting hope and spiritual purification."
The Divine Comedy V1: Inferno,Dante Alighieri,Philosophy," A journey through Hell, symbolizing sin, justice, and moral consequence."
The Complete Poetry of John Milton,John T. Shawcross (ed.),Philosophy,"A collection of Milton’s works exploring religion, morality, and human struggle."
Midnight Sailing ,Susan Hufford,"Romance, Sad","A quiet, emotional story centered on love, longing, and personal reflection."
The Late Mattia Pascal,Luigi Pirandello,Psychology,"A man assumes a new identity after being declared dead, questioning selfhood and freedom."
The Penguin Book of the Undead,Scott G. Bruce (ed.),Psychology,Historical accounts and writings on encounters with the undead across cultures.
The Daughters of Music,Susannah Lawrence,Romance,"A story of ambition, relationships, and emotional entanglements within artistic life."
Dance in the Dust,Denise Robins,Romance,"A dramatic love story shaped by passion, hardship, and societal expectations."
The Time of Indifference,Alberto Moravia,"Psychology, Sad",A family’s emotional detachment exposes moral emptiness and societal decay.
The Intruder,Gabriele D’Annunzio,"Psychology, Romance","A story of betrayal, jealousy, and obsessive love."
Zeno’s Conscience,Italo Svevo,Psychology,"A man’s therapy sessions reveal self-deception, addiction, and existential confusion."
The Leopard,Giuseppe Tomasi di Lampedusa,"Philosophy, Sad","A Sicilian prince reflects on change, decay, and mortality during political upheaval."
Diavola,Jennifer Thorne,Psychology,"A tense, eerie narrative blending family tension with psychological unease."
The Swan Thieves,Elizabeth Kostova,"Psychology, Romance","A psychiatrist uncovers a painter’s obsession tied to art, love, and history."
The Man Who Watched the Trains Go By,Georges Simenon,Psychology,A man abandons his life and descends into crime and existential crisis.
Resurrection,Leo Tolstoy,"Philosophy, Sad",A nobleman seeks redemption after recognizing his role in a woman’s suffering.
The Essential Writings of Christian Mysticism,Bernard McGinn (ed.),Philosophy,"Key texts exploring divine experience, spirituality, and inner transformation."
The Anatomy of Melancholy,Robert Burton,"Philosophy, Psychology","A vast exploration of depression, its causes, and human emotion."
Chernobyl Prayer ,Svetlana Alexievich,"History, Sad",Oral histories revealing the human cost and trauma of the Chernobyl disaster.
How to Read a Film,James Monaco,Studies,"A guide to understanding film language, theory, and visual storytelling."
On Sun Swallowing,Dakota Warren,"Philosophy, Psychology, Sad","A poetic exploration of grief, identity, and emotional fragmentation."
The Woman Destroyed,Simone de Beauvoir,"Psychology, Sad","Stories of women confronting betrayal, aging, and emotional collapse."
The Rotting Room,Viggy Parr Hampton,"Horror, Psychology","A dark, unsettling narrative exploring decay, confinement, and mental deterioration."
Morbid Curiosities: Collections of the Uncommon and the Bizarre,Paul Gambino,"History, Studies","A richly illustrated exploration of unusual collectors and collections, featuring medical oddities, taxidermy, crime memorabilia, and historical curiosities that reveal humanity’s fascination with the macabre."
A Delusion of Satan: The Full Story of the Salem Witch Trials ,Frances Hill,"History, Psychology, True Crime","A detailed account of the Salem witch trials, exploring how fear, religious extremism, and social tensions fueled one of America’s most infamous episodes of mass hysteria."
"Demons, the Devil, and Fallen Angels ",Marie D. Jones & Larry Flaxman,"History, Psychology, Studies","An accessible survey of demonic figures and beliefs across religions, mythologies, and paranormal traditions, examining humanity’s enduring fear of evil entities."
Cassell Dictionary of Superstitions ,David Pickering,"History, Psychology, Studies","An extensive guide to superstitions from around the world, tracing their origins, meanings, and cultural significance across centuries."
"The World, the Flesh, and the Devil: A Biographical Dictionary of Witches ",Eric Maple,"History, Psychology, Studies","A reference work documenting accused witches, occult practitioners, and legendary figures associated with witchcraft throughout European history and folklore."
